question,answer
"개념적으로 크림 스키밍은 제품과 지리라는 두 가지 기본 차원을 가지고 있다. 한국관광공사는 지난해 12월 중국 베이징에서 열린 '2016 중국국제관광박람회'에 참가해 한국관을 운영했다고 1일 밝혔다.
이번 박람회에는 중국","이 중에는 현재 파탄 박물관(네팔에서 가장 훌륭하고 현대적인 박물관)이 소장되어 있으며, 좁은 벽돌 광장을 가로질러 궁전을 마주하고 있는 붉은 벽돌 왕궁, 다른 스타일과 크기의 8개의 사원이 있다."
"개념적으로 크림 스키밍은 제품과 지리라는 두 가지 기본 차원을 가지고 있다. 한국관광공사는 지난해 12월 중국 베이징에서 열린 '2016 중국국제관광박람회'에 참가해 한국관을 운영했다고 1일 밝혔다.
이번 박람회에는 중국","이 중에는 현재 파탄 박물관(네팔에서 가장 훌륭하고 현대적인 박물관)이 소장되어 있으며, 좁은 벽돌 광장을 가로질러 궁전을 마주하고 있는 붉은 벽돌 왕궁, 다른 스타일과 크기의 8개의 사원이 있다."
"개념적으로 크림 스키밍은 제품과 지리라는 두 가지 기본 차원을 가지고 있다. 한국관광공사는 지난해 12월 중국 베이징에서 열린 '2016 중국국제관광박람회'에 참가해 한국관을 운영했다고 1일 밝혔다.
이번 박람회에는 중국","이 중에는 현재 파탄 박물관(네팔에서 가장 훌륭하고 현대적인 박물관)이 소장되어 있으며, 좁은 벽돌 광장을 가로질러 궁전을 마주하고 있는 붉은 벽돌 왕궁, 다른 스타일과 크기의 8개의 사원이 있다."
"개념적으로 크림 스키밍은 제품과 지리라는 두 가지 기본 차원을 가지고 있다. 한국관광공사는 지난해 12월 중국 베이징에서 열린 '2016 중국국제관광박람회'에 참가해 한국관을 운영했다고 1일 밝혔다.
이번 박람회에는 중국","이 중에는 현재 파탄 박물관(네팔에서 가장 훌륭하고 현대적인 박물관)이 소장되어 있으며, 좁은 벽돌 광장을 가로질러 궁전을 마주하고 있는 붉은 벽돌 왕궁, 다른 스타일과 크기의 8개의 사원이 있다."
"개념적으로 크림 스키밍은 제품과 지리라는 두 가지 기본 차원을 가지고 있다. 한국관광공사는 지난해 12월 중국 베이징에서 열린 '2016 중국국제관광박람회'에 참가해 한국관을 운영했다고 1일 밝혔다.
이번 박람회에는 중국","이 중에는 현재 파탄 박물관(네팔에서 가장 훌륭하고 현대적인 박물관)이 소장되어 있으며, 좁은 벽돌 광장을 가로질러 궁전을 마주하고 있는 붉은 벽돌 왕궁, 다른 스타일과 크기의 8개의 사원이 있다."
"개념적으로 크림 스키밍은 제품과 지리라는 두 가지 기본 차원을 가지고 있다. 한국관광공사는 지난해 12월 중국 베이징에서 열린 '2016 중국국제관광박람회'에 참가해 한국관을 운영했다고 1일 밝혔다.
이번 박람회에는 중국","이 중에는 현재 파탄 박물관(네팔에서 가장 훌륭하고 현대적인 박물관)이 소장되어 있으며, 좁은 벽돌 광장을 가로질러 궁전을 마주하고 있는 붉은 벽돌 왕궁, 다른 스타일과 크기의 8개의 사원이 있다."
"개념적으로 크림 스키밍은 제품과 지리라는 두 가지 기본 차원을 가지고 있다. 한국관광공사는 지난해 12월 중국 베이징에서 열린 '2016 중국국제관광박람회'에 참가해 한국관을 운영했다고 1일 밝혔다.
이번 박람회에는 중국","이 중에는 현재 파탄 박물관(네팔에서 가장 훌륭하고 현대적인 박물관)이 소장되어 있으며, 좁은 벽돌 광장을 가로질러 궁전을 마주하고 있는 붉은 벽돌 왕궁, 다른 스타일과 크기의 8개의 사원이 있다."
"개념적으로 크림 스키밍은 제품과 지리라는 두 가지 기본 차원을 가지고 있다. 한국관광공사는 지난해 12월 중국 베이징에서 열린 '2016 중국국제관광박람회'에 참가해 한국관을 운영했다고 1일 밝혔다.
이번 박람회에는 중국","이 중에는 현재 파탄 박물관(네팔에서 가장 훌륭하고 현대적인 박물관)이 소장되어 있으며, 좁은 벽돌 광장을 가로질러 궁전을 마주하고 있는 붉은 벽돌 왕궁, 다른 스타일과 크기의 8개의 사원이 있다."
"개념적으로 크림 스키밍은 제품과 지리라는 두 가지 기본 차원을 가지고 있다. 한국관광공사는 지난해 12월 중국 베이징에서 열린 '2016 중국국제관광박람회'에 참가해 한국관을 운영했다고 1일 밝혔다.
이번 박람회에는 중국","이 중에는 현재 파탄 박물관(네팔에서 가장 훌륭하고 현대적인 박물관)이 소장되어 있으며, 좁은 벽돌 광장을 가로질러 궁전을 마주하고 있는 붉은 벽돌 왕궁, 다른 스타일과 크기의 8개의 사원이 있다."
"개념적으로 크림 스키밍은 제품과 지리라는 두 가지 기본 차원을 가지고 있다. 한국관광공사는 지난해 12월 중국 베이징에서 열린 '2016 중국국제관광박람회'에 참가해 한국관을 운영했다고 1일 밝혔다.
이번 박람회에는 중국","이 중에는 현재 파탄 박물관(네팔에서 가장 훌륭하고 현대적인 박물관)이 소장되어 있으며, 좁은 벽돌 광장을 가로질러 궁전을 마주하고 있는 붉은 벽돌 왕궁, 다른 스타일과 크기의 8개의 사원이 있다."
"개념적으로 크림 스키밍은 제품과 지리라는 두 가지 기본 차원을 가지고 있다. 한국관광공사는 지난해 12월 중국 베이징에서 열린 '2016 중국국제관광박람회'에 참가해 한국관을 운영했다고 1일 밝혔다.
이번 박람회에는 중국","이 중에는 현재 파탄 박물관(네팔에서 가장 훌륭하고 현대적인 박물관)이 소장되어 있으며, 좁은 벽돌 광장을 가로질러 궁전을 마주하고 있는 붉은 벽돌 왕궁, 다른 스타일과 크기의 8개의 사원이 있다."
"개념적으로 크림 스키밍은 제품과 지리라는 두 가지 기본 차원을 가지고 있다. 한국관광공사는 지난해 12월 중국 베이징에서 열린 '2016 중국국제관광박람회'에 참가해 한국관을 운영했다고 1일 밝혔다.
이번 박람회에는 중국","이 중에는 현재 파탄 박물관(네팔에서 가장 훌륭하고 현대적인 박물관)이 소장되어 있으며, 좁은 벽돌 광장을 가로질러 궁전을 마주하고 있는 붉은 벽돌 왕궁, 다른 스타일과 크기의 8개의 사원이 있다."
"개념적으로 크림 스키밍은 제품과 지리라는 두 가지 기본 차원을 가지고 있다. 한국관광공사는 지난해 12월 중국 베이징에서 열린 '2016 중국국제관광박람회'에 참가해 한국관을 운영했다고 1일 밝혔다.
이번 박람회에는 중국","이 중에는 현재 파탄 박물관(네팔에서 가장 훌륭하고 현대적인 박물관)이 소장되어 있으며, 좁은 벽돌 광장을 가로질러 궁전을 마주하고 있는 붉은 벽돌 왕궁, 다른 스타일과 크기의 8개의 사원이 있다."
"개념적으로 크림 스키밍은 제품과 지리라는 두 가지 기본 차원을 가지고 있다. 한국관광공사는 지난해 12월 중국 베이징에서 열린 '2016 중국국제관광박람회'에 참가해 한국관을 운영했다고 1일 밝혔다.
이번 박람회에는 중국","이 중에는 현재 파탄 박물관(네팔에서 가장 훌륭하고 현대적인 박물관)이 소장되어 있으며, 좁은 벽돌 광장을 가로질러 궁전을 마주하고 있는 붉은 벽돌 왕궁, 다른 스타일과 크기의 8개의 사원이 있다."
"개념적으로 크림 스키밍은 제품과 지리라는 두 가지 기본 차원을 가지고 있다. 한국관광공사는 지난해 12월 중국 베이징에서 열린 '2016 중국국제관광박람회'에 참가해 한국관을 운영했다고 1일 밝혔다.
이번 박람회에는 중국","이 중에는 현재 파탄 박물관(네팔에서 가장 훌륭하고 현대적인 박물관)이 소장되어 있으며, 좁은 벽돌 광장을 가로질러 궁전을 마주하고 있는 붉은 벽돌 왕궁, 다른 스타일과 크기의 8개의 사원이 있다."
"개념적으로 크림 스키밍은 제품과 지리라는 두 가지 기본 차원을 가지고 있다. 한국관광공사는 지난해 12월 중국 베이징에서 열린 '2016 중국국제관광박람회'에 참가해 한국관을 운영했다고 1일 밝혔다.
이번 박람회에는 중국","이 중에는 현재 파탄 박물관(네팔에서 가장 훌륭하고 현대적인 박물관)이 소장되어 있으며, 좁은 벽돌 광장을 가로질러 궁전을 마주하고 있는 붉은 벽돌 왕궁, 다른 스타일과 크기의 8개의 사원이 있다."
"개념적으로 크림 스키밍은 제품과 지리라는 두 가지 기본 차원을 가지고 있다. 한국관광공사는 지난해 12월 중국 베이징에서 열린 '2016 중국국제관광박람회'에 참가해 한국관을 운영했다고 1일 밝혔다.
이번 박람회에는 중국","이 중에는 현재 파탄 박물관(네팔에서 가장 훌륭하고 현대적인 박물관)이 소장되어 있으며, 좁은 벽돌 광장을 가로질러 궁전을 마주하고 있는 붉은 벽돌 왕궁, 다른 스타일과 크기의 8개의 사원이 있다."
"개념적으로 크림 스키밍은 제품과 지리라는 두 가지 기본 차원을 가지고 있다. 한국관광공사는 지난해 12월 중국 베이징에서 열린 '2016 중국국제관광박람회'에 참가해 한국관을 운영했다고 1일 밝혔다.
이번 박람회에는 중국","이 중에는 현재 파탄 박물관(네팔에서 가장 훌륭하고 현대적인 박물관)이 소장되어 있으며, 좁은 벽돌 광장을 가로질러 궁전을 마주하고 있는 붉은 벽돌 왕궁, 다른 스타일과 크기의 8개의 사원이 있다."
"개념적으로 크림 스키밍은 제품과 지리라는 두 가지 기본 차원을 가지고 있다. 한국관광공사는 지난해 12월 중국 베이징에서 열린 '2016 중국국제관광박람회'에 참가해 한국관을 운영했다고 1일 밝혔다.
이번 박람회에는 중국","이 중에는 현재 파탄 박물관(네팔에서 가장 훌륭하고 현대적인 박물관)이 소장되어 있으며, 좁은 벽돌 광장을 가로질러 궁전을 마주하고 있는 붉은 벽돌 왕궁, 다른 스타일과 크기의 8개의 사원이 있다."
"개념적으로 크림 스키밍은 제품과 지리라는 두 가지 기본 차원을 가지고 있다. 한국관광공사는 지난해 12월 중국 베이징에서 열린 '2016 중국국제관광박람회'에 참가해 한국관을 운영했다고 1일 밝혔다.
이번 박람회에는 중국","이 중에는 현재 파탄 박물관(네팔에서 가장 훌륭하고 현대적인 박물관)이 소장되어 있으며, 좁은 벽돌 광장을 가로질러 궁전을 마주하고 있는 붉은 벽돌 왕궁, 다른 스타일과 크기의 8개의 사원이 있다."
"개념적으로 크림 스키밍은 제품과 지리라는 두 가지 기본 차원을 가지고 있다. 한국관광공사는 지난해 12월 중국 베이징에서 열린 '2016 중국국제관광박람회'에 참가해 한국관을 운영했다고 1일 밝혔다.
이번 박람회에는 중국","이 중에는 현재 파탄 박물관(네팔에서 가장 훌륭하고 현대적인 박물관)이 소장되어 있으며, 좁은 벽돌 광장을 가로질러 궁전을 마주하고 있는 붉은 벽돌 왕궁, 다른 스타일과 크기의 8개의 사원이 있다."
"개념적으로 크림 스키밍은 제품과 지리라는 두 가지 기본 차원을 가지고 있다. 한국관광공사는 지난해 12월 중국 베이징에서 열린 '2016 중국국제관광박람회'에 참가해 한국관을 운영했다고 1일 밝혔다.
이번 박람회에는 중국","이 중에는 현재 파탄 박물관(네팔에서 가장 훌륭하고 현대적인 박물관)이 소장되어 있으며, 좁은 벽돌 광장을 가로질러 궁전을 마주하고 있는 붉은 벽돌 왕궁, 다른 스타일과 크기의 8개의 사원이 있다."
"개념적으로 크림 스키밍은 제품과 지리라는 두 가지 기본 차원을 가지고 있다. 한국관광공사는 지난해 12월 중국 베이징에서 열린 '2016 중국국제관광박람회'에 참가해 한국관을 운영했다고 1일 밝혔다.
이번 박람회에는 중국","이 중에는 현재 파탄 박물관(네팔에서 가장 훌륭하고 현대적인 박물관)이 소장되어 있으며, 좁은 벽돌 광장을 가로질러 궁전을 마주하고 있는 붉은 벽돌 왕궁, 다른 스타일과 크기의 8개의 사원이 있다."
"개념적으로 크림 스키밍은 제품과 지리라는 두 가지 기본 차원을 가지고 있다. 한국관광공사는 지난해 12월 중국 베이징에서 열린 '2016 중국국제관광박람회'에 참가해 한국관을 운영했다고 1일 밝혔다.
이번 박람회에는 중국","이 중에는 현재 파탄 박물관(네팔에서 가장 훌륭하고 현대적인 박물관)이 소장되어 있으며, 좁은 벽돌 광장을 가로질러 궁전을 마주하고 있는 붉은 벽돌 왕궁, 다른 스타일과 크기의 8개의 사원이 있다."
"개념적으로 크림 스키밍은 제품과 지리라는 두 가지 기본 차원을 가지고 있다. 한국관광공사는 지난해 12월 중국 베이징에서 열린 '2016 중국국제관광박람회'에 참가해 한국관을 운영했다고 1일 밝혔다.
이번 박람회에는 중국","이 중에는 현재 파탄 박물관(네팔에서 가장 훌륭하고 현대적인 박물관)이 소장되어 있으며, 좁은 벽돌 광장을 가로질러 궁전을 마주하고 있는 붉은 벽돌 왕궁, 다른 스타일과 크기의 8개의 사원이 있다."
"개념적으로 크림 스키밍은 제품과 지리라는 두 가지 기본 차원을 가지고 있다. 한국관광공사는 지난해 12월 중국 베이징에서 열린 '2016 중국국제관광박람회'에 참가해 한국관을 운영했다고 1일 밝혔다.
이번 박람회에는 중국","이 중에는 현재 파탄 박물관(네팔에서 가장 훌륭하고 현대적인 박물관)이 소장되어 있으며, 좁은 벽돌 광장을 가로질러 궁전을 마주하고 있는 붉은 벽돌 왕궁, 다른 스타일과 크기의 8개의 사원이 있다."
"개념적으로 크림 스키밍은 제품과 지리라는 두 가지 기본 차원을 가지고 있다. 한국관광공사는 지난해 12월 중국 베이징에서 열린 '2016 중국국제관광박람회'에 참가해 한국관을 운영했다고 1일 밝혔다.
이번 박람회에는 중국","이 중에는 현재 파탄 박물관(네팔에서 가장 훌륭하고 현대적인 박물관)이 소장되어 있으며, 좁은 벽돌 광장을 가로질러 궁전을 마주하고 있는 붉은 벽돌 왕궁, 다른 스타일과 크기의 8개의 사원이 있다."
"개념적으로 크림 스키밍은 제품과 지리라는 두 가지 기본 차원을 가지고 있다. 한국관광공사는 지난해 12월 중국 베이징에서 열린 '2016 중국국제관광박람회'에 참가해 한국관을 운영했다고 1일 밝혔다.
이번 박람회에는 중국","이 중에는 현재 파탄 박물관(네팔에서 가장 훌륭하고 현대적인 박물관)이 소장되어 있으며, 좁은 벽돌 광장을 가로질러 궁전을 마주하고 있는 붉은 벽돌 왕궁, 다른 스타일과 크기의 8개의 사원이 있다."
"개념적으로 크림 스키밍은 제품과 지리라는 두 가지 기본 차원을 가지고 있다. 한국관광공사는 지난해 12월 중국 베이징에서 열린 '2016 중국국제관광박람회'에 참가해 한국관을 운영했다고 1일 밝혔다.
이번 박람회에는 중국","이 중에는 현재 파탄 박물관(네팔에서 가장 훌륭하고 현대적인 박물관)이 소장되어 있으며, 좁은 벽돌 광장을 가로질러 궁전을 마주하고 있는 붉은 벽돌 왕궁, 다른 스타일과 크기의 8개의 사원이 있다."
"개념적으로 크림 스키밍은 제품과 지리라는 두 가지 기본 차원을 가지고 있다. 한국관광공사는 지난해 12월 중국 베이징에서 열린 '2016 중국국제관광박람회'에 참가해 한국관을 운영했다고 1일 밝혔다.
이번 박람회에는 중국","이 중에는 현재 파탄 박물관(네팔에서 가장 훌륭하고 현대적인 박물관)이 소장되어 있으며, 좁은 벽돌 광장을 가로질러 궁전을 마주하고 있는 붉은 벽돌 왕궁, 다른 스타일과 크기의 8개의 사원이 있다."
"개념적으로 크림 스키밍은 제품과 지리라는 두 가지 기본 차원을 가지고 있다. 한국관광공사는 지난해 12월 중국 베이징에서 열린 '2016 중국국제관광박람회'에 참가해 한국관을 운영했다고 1일 밝혔다.
이번 박람회에는 중국","이 중에는 현재 파탄 박물관(네팔에서 가장 훌륭하고 현대적인 박물관)이 소장되어 있으며, 좁은 벽돌 광장을 가로질러 궁전을 마주하고 있는 붉은 벽돌 왕궁, 다른 스타일과 크기의 8개의 사원이 있다."
"개념적으로 크림 스키밍은 제품과 지리라는 두 가지 기본 차원을 가지고 있다. 한국관광공사는 지난해 12월 중국 베이징에서 열린 '2016 중국국제관광박람회'에 참가해 한국관을 운영했다고 1일 밝혔다.
이번 박람회에는 중국","이 중에는 현재 파탄 박물관(네팔에서 가장 훌륭하고 현대적인 박물관)이 소장되어 있으며, 좁은 벽돌 광장을 가로질러 궁전을 마주하고 있는 붉은 벽돌 왕궁, 다른 스타일과 크기의 8개의 사원이 있다."
"개념적으로 크림 스키밍은 제품과 지리라는 두 가지 기본 차원을 가지고 있다. 한국관광공사는 지난해 12월 중국 베이징에서 열린 '2016 중국국제관광박람회'에 참가해 한국관을 운영했다고 1일 밝혔다.
이번 박람회에는 중국","이 중에는 현재 파탄 박물관(네팔에서 가장 훌륭하고 현대적인 박물관)이 소장되어 있으며, 좁은 벽돌 광장을 가로질러 궁전을 마주하고 있는 붉은 벽돌 왕궁, 다른 스타일과 크기의 8개의 사원이 있다."
"개념적으로 크림 스키밍은 제품과 지리라는 두 가지 기본 차원을 가지고 있다. 한국관광공사는 지난해 12월 중국 베이징에서 열린 '2016 중국국제관광박람회'에 참가해 한국관을 운영했다고 1일 밝혔다.
이번 박람회에는 중국","이 중에는 현재 파탄 박물관(네팔에서 가장 훌륭하고 현대적인 박물관)이 소장되어 있으며, 좁은 벽돌 광장을 가로질러 궁전을 마주하고 있는 붉은 벽돌 왕궁, 다른 스타일과 크기의 8개의 사원이 있다."
"개념적으로 크림 스키밍은 제품과 지리라는 두 가지 기본 차원을 가지고 있다. 한국관광공사는 지난해 12월 중국 베이징에서 열린 '2016 중국국제관광박람회'에 참가해 한국관을 운영했다고 1일 밝혔다.
이번 박람회에는 중국","이 중에는 현재 파탄 박물관(네팔에서 가장 훌륭하고 현대적인 박물관)이 소장되어 있으며, 좁은 벽돌 광장을 가로질러 궁전을 마주하고 있는 붉은 벽돌 왕궁, 다른 스타일과 크기의 8개의 사원이 있다."
"개념적으로 크림 스키밍은 제품과 지리라는 두 가지 기본 차원을 가지고 있다. 한국관광공사는 지난해 12월 중국 베이징에서 열린 '2016 중국국제관광박람회'에 참가해 한국관을 운영했다고 1일 밝혔다.
이번 박람회에는 중국","이 중에는 현재 파탄 박물관(네팔에서 가장 훌륭하고 현대적인 박물관)이 소장되어 있으며, 좁은 벽돌 광장을 가로질러 궁전을 마주하고 있는 붉은 벽돌 왕궁, 다른 스타일과 크기의 8개의 사원이 있다."
"개념적으로 크림 스키밍은 제품과 지리라는 두 가지 기본 차원을 가지고 있다. 한국관광공사는 지난해 12월 중국 베이징에서 열린 '2016 중국국제관광박람회'에 참가해 한국관을 운영했다고 1일 밝혔다.
이번 박람회에는 중국","이 중에는 현재 파탄 박물관(네팔에서 가장 훌륭하고 현대적인 박물관)이 소장되어 있으며, 좁은 벽돌 광장을 가로질러 궁전을 마주하고 있는 붉은 벽돌 왕궁, 다른 스타일과 크기의 8개의 사원이 있다."
"개념적으로 크림 스키밍은 제품과 지리라는 두 가지 기본 차원을 가지고 있다. 한국관광공사는 지난해 12월 중국 베이징에서 열린 '2016 중국국제관광박람회'에 참가해 한국관을 운영했다고 1일 밝혔다.
이번 박람회에는 중국","이 중에는 현재 파탄 박물관(네팔에서 가장 훌륭하고 현대적인 박물관)이 소장되어 있으며, 좁은 벽돌 광장을 가로질러 궁전을 마주하고 있는 붉은 벽돌 왕궁, 다른 스타일과 크기의 8개의 사원이 있다."
"개념적으로 크림 스키밍은 제품과 지리라는 두 가지 기본 차원을 가지고 있다. 한국관광공사는 지난해 12월 중국 베이징에서 열린 '2016 중국국제관광박람회'에 참가해 한국관을 운영했다고 1일 밝혔다.
이번 박람회에는 중국","이 중에는 현재 파탄 박물관(네팔에서 가장 훌륭하고 현대적인 박물관)이 소장되어 있으며, 좁은 벽돌 광장을 가로질러 궁전을 마주하고 있는 붉은 벽돌 왕궁, 다른 스타일과 크기의 8개의 사원이 있다."
"개념적으로 크림 스키밍은 제품과 지리라는 두 가지 기본 차원을 가지고 있다. 한국관광공사는 지난해 12월 중국 베이징에서 열린 '2016 중국국제관광박람회'에 참가해 한국관을 운영했다고 1일 밝혔다.
이번 박람회에는 중국","이 중에는 현재 파탄 박물관(네팔에서 가장 훌륭하고 현대적인 박물관)이 소장되어 있으며, 좁은 벽돌 광장을 가로질러 궁전을 마주하고 있는 붉은 벽돌 왕궁, 다른 스타일과 크기의 8개의 사원이 있다."
"개념적으로 크림 스키밍은 제품과 지리라는 두 가지 기본 차원을 가지고 있다. 한국관광공사는 지난해 12월 중국 베이징에서 열린 '2016 중국국제관광박람회'에 참가해 한국관을 운영했다고 1일 밝혔다.
이번 박람회에는 중국","이 중에는 현재 파탄 박물관(네팔에서 가장 훌륭하고 현대적인 박물관)이 소장되어 있으며, 좁은 벽돌 광장을 가로질러 궁전을 마주하고 있는 붉은 벽돌 왕궁, 다른 스타일과 크기의 8개의 사원이 있다."
"개념적으로 크림 스키밍은 제품과 지리라는 두 가지 기본 차원을 가지고 있다. 한국관광공사는 지난해 12월 중국 베이징에서 열린 '2016 중국국제관광박람회'에 참가해 한국관을 운영했다고 1일 밝혔다.
이번 박람회에는 중국","이 중에는 현재 파탄 박물관(네팔에서 가장 훌륭하고 현대적인 박물관)이 소장되어 있으며, 좁은 벽돌 광장을 가로질러 궁전을 마주하고 있는 붉은 벽돌 왕궁, 다른 스타일과 크기의 8개의 사원이 있다."
"개념적으로 크림 스키밍은 제품과 지리라는 두 가지 기본 차원을 가지고 있다. 한국관광공사는 지난해 12월 중국 베이징에서 열린 '2016 중국국제관광박람회'에 참가해 한국관을 운영했다고 1일 밝혔다.
이번 박람회에는 중국","이 중에는 현재 파탄 박물관(네팔에서 가장 훌륭하고 현대적인 박물관)이 소장되어 있으며, 좁은 벽돌 광장을 가로질러 궁전을 마주하고 있는 붉은 벽돌 왕궁, 다른 스타일과 크기의 8개의 사원이 있다."
"개념적으로 크림 스키밍은 제품과 지리라는 두 가지 기본 차원을 가지고 있다. 한국관광공사는 지난해 12월 중국 베이징에서 열린 '2016 중국국제관광박람회'에 참가해 한국관을 운영했다고 1일 밝혔다.
이번 박람회에는 중국","이 중에는 현재 파탄 박물관(네팔에서 가장 훌륭하고 현대적인 박물관)이 소장되어 있으며, 좁은 벽돌 광장을 가로질러 궁전을 마주하고 있는 붉은 벽돌 왕궁, 다른 스타일과 크기의 8개의 사원이 있다."
"개념적으로 크림 스키밍은 제품과 지리라는 두 가지 기본 차원을 가지고 있다. 한국관광공사는 지난해 12월 중국 베이징에서 열린 '2016 중국국제관광박람회'에 참가해 한국관을 운영했다고 1일 밝혔다.
이번 박람회에는 중국","이 중에는 현재 파탄 박물관(네팔에서 가장 훌륭하고 현대적인 박물관)이 소장되어 있으며, 좁은 벽돌 광장을 가로질러 궁전을 마주하고 있는 붉은 벽돌 왕궁, 다른 스타일과 크기의 8개의 사원이 있다."
"개념적으로 크림 스키밍은 제품과 지리라는 두 가지 기본 차원을 가지고 있다. 한국관광공사는 지난해 12월 중국 베이징에서 열린 '2016 중국국제관광박람회'에 참가해 한국관을 운영했다고 1일 밝혔다.
이번 박람회에는 중국","이 중에는 현재 파탄 박물관(네팔에서 가장 훌륭하고 현대적인 박물관)이 소장되어 있으며, 좁은 벽돌 광장을 가로질러 궁전을 마주하고 있는 붉은 벽돌 왕궁, 다른 스타일과 크기의 8개의 사원이 있다."
"개념적으로 크림 스키밍은 제품과 지리라는 두 가지 기본 차원을 가지고 있다. 한국관광공사는 지난해 12월 중국 베이징에서 열린 '2016 중국국제관광박람회'에 참가해 한국관을 운영했다고 1일 밝혔다.
이번 박람회에는 중국","이 중에는 현재 파탄 박물관(네팔에서 가장 훌륭하고 현대적인 박물관)이 소장되어 있으며, 좁은 벽돌 광장을 가로질러 궁전을 마주하고 있는 붉은 벽돌 왕궁, 다른 스타일과 크기의 8개의 사원이 있다."
"개념적으로 크림 스키밍은 제품과 지리라는 두 가지 기본 차원을 가지고 있다. 한국관광공사는 지난해 12월 중국 베이징에서 열린 '2016 중국국제관광박람회'에 참가해 한국관을 운영했다고 1일 밝혔다.
이번 박람회에는 중국","이 중에는 현재 파탄 박물관(네팔에서 가장 훌륭하고 현대적인 박물관)이 소장되어 있으며, 좁은 벽돌 광장을 가로질러 궁전을 마주하고 있는 붉은 벽돌 왕궁, 다른 스타일과 크기의 8개의 사원이 있다."
"개념적으로 크림 스키밍은 제품과 지리라는 두 가지 기본 차원을 가지고 있다. 한국관광공사는 지난해 12월 중국 베이징에서 열린 '2016 중국국제관광박람회'에 참가해 한국관을 운영했다고 1일 밝혔다.
이번 박람회에는 중국","이 중에는 현재 파탄 박물관(네팔에서 가장 훌륭하고 현대적인 박물관)이 소장되어 있으며, 좁은 벽돌 광장을 가로질러 궁전을 마주하고 있는 붉은 벽돌 왕궁, 다른 스타일과 크기의 8개의 사원이 있다."
"개념적으로 크림 스키밍은 제품과 지리라는 두 가지 기본 차원을 가지고 있다. 한국관광공사는 지난해 12월 중국 베이징에서 열린 '2016 중국국제관광박람회'에 참가해 한국관을 운영했다고 1일 밝혔다.
이번 박람회에는 중국","이 중에는 현재 파탄 박물관(네팔에서 가장 훌륭하고 현대적인 박물관)이 소장되어 있으며, 좁은 벽돌 광장을 가로질러 궁전을 마주하고 있는 붉은 벽돌 왕궁, 다른 스타일과 크기의 8개의 사원이 있다."
"개념적으로 크림 스키밍은 제품과 지리라는 두 가지 기본 차원을 가지고 있다. 한국관광공사는 지난해 12월 중국 베이징에서 열린 '2016 중국국제관광박람회'에 참가해 한국관을 운영했다고 1일 밝혔다.
이번 박람회에는 중국","이 중에는 현재 파탄 박물관(네팔에서 가장 훌륭하고 현대적인 박물관)이 소장되어 있으며, 좁은 벽돌 광장을 가로질러 궁전을 마주하고 있는 붉은 벽돌 왕궁, 다른 스타일과 크기의 8개의 사원이 있다."
"개념적으로 크림 스키밍은 제품과 지리라는 두 가지 기본 차원을 가지고 있다. 한국관광공사는 지난해 12월 중국 베이징에서 열린 '2016 중국국제관광박람회'에 참가해 한국관을 운영했다고 1일 밝혔다.
이번 박람회에는 중국","이 중에는 현재 파탄 박물관(네팔에서 가장 훌륭하고 현대적인 박물관)이 소장되어 있으며, 좁은 벽돌 광장을 가로질러 궁전을 마주하고 있는 붉은 벽돌 왕궁, 다른 스타일과 크기의 8개의 사원이 있다."
"개념적으로 크림 스키밍은 제품과 지리라는 두 가지 기본 차원을 가지고 있다. 한국관광공사는 지난해 12월 중국 베이징에서 열린 '2016 중국국제관광박람회'에 참가해 한국관을 운영했다고 1일 밝혔다.
이번 박람회에는 중국","이 중에는 현재 파탄 박물관(네팔에서 가장 훌륭하고 현대적인 박물관)이 소장되어 있으며, 좁은 벽돌 광장을 가로질러 궁전을 마주하고 있는 붉은 벽돌 왕궁, 다른 스타일과 크기의 8개의 사원이 있다."
"개념적으로 크림 스키밍은 제품과 지리라는 두 가지 기본 차원을 가지고 있다. 한국관광공사는 지난해 12월 중국 베이징에서 열린 '2016 중국국제관광박람회'에 참가해 한국관을 운영했다고 1일 밝혔다.
이번 박람회에는 중국","이 중에는 현재 파탄 박물관(네팔에서 가장 훌륭하고 현대적인 박물관)이 소장되어 있으며, 좁은 벽돌 광장을 가로질러 궁전을 마주하고 있는 붉은 벽돌 왕궁, 다른 스타일과 크기의 8개의 사원이 있다."
"개념적으로 크림 스키밍은 제품과 지리라는 두 가지 기본 차원을 가지고 있다. 한국관광공사는 지난해 12월 중국 베이징에서 열린 '2016 중국국제관광박람회'에 참가해 한국관을 운영했다고 1일 밝혔다.
이번 박람회에는 중국","이 중에는 현재 파탄 박물관(네팔에서 가장 훌륭하고 현대적인 박물관)이 소장되어 있으며, 좁은 벽돌 광장을 가로질러 궁전을 마주하고 있는 붉은 벽돌 왕궁, 다른 스타일과 크기의 8개의 사원이 있다."
"개념적으로 크림 스키밍은 제품과 지리라는 두 가지 기본 차원을 가지고 있다. 한국관광공사는 지난해 12월 중국 베이징에서 열린 '2016 중국국제관광박람회'에 참가해 한국관을 운영했다고 1일 밝혔다.
이번 박람회에는 중국","이 중에는 현재 파탄 박물관(네팔에서 가장 훌륭하고 현대적인 박물관)이 소장되어 있으며, 좁은 벽돌 광장을 가로질러 궁전을 마주하고 있는 붉은 벽돌 왕궁, 다른 스타일과 크기의 8개의 사원이 있다."
"개념적으로 크림 스키밍은 제품과 지리라는 두 가지 기본 차원을 가지고 있다. 한국관광공사는 지난해 12월 중국 베이징에서 열린 '2016 중국국제관광박람회'에 참가해 한국관을 운영했다고 1일 밝혔다.
이번 박람회에는 중국","이 중에는 현재 파탄 박물관(네팔에서 가장 훌륭하고 현대적인 박물관)이 소장되어 있으며, 좁은 벽돌 광장을 가로질러 궁전을 마주하고 있는 붉은 벽돌 왕궁, 다른 스타일과 크기의 8개의 사원이 있다."
"개념적으로 크림 스키밍은 제품과 지리라는 두 가지 기본 차원을 가지고 있다. 한국관광공사는 지난해 12월 중국 베이징에서 열린 '2016 중국국제관광박람회'에 참가해 한국관을 운영했다고 1일 밝혔다.
이번 박람회에는 중국","이 중에는 현재 파탄 박물관(네팔에서 가장 훌륭하고 현대적인 박물관)이 소장되어 있으며, 좁은 벽돌 광장을 가로질러 궁전을 마주하고 있는 붉은 벽돌 왕궁, 다른 스타일과 크기의 8개의 사원이 있다."
"개념적으로 크림 스키밍은 제품과 지리라는 두 가지 기본 차원을 가지고 있다. 한국관광공사는 지난해 12월 중국 베이징에서 열린 '2016 중국국제관광박람회'에 참가해 한국관을 운영했다고 1일 밝혔다.
이번 박람회에는 중국","이 중에는 현재 파탄 박물관(네팔에서 가장 훌륭하고 현대적인 박물관)이 소장되어 있으며, 좁은 벽돌 광장을 가로질러 궁전을 마주하고 있는 붉은 벽돌 왕궁, 다른 스타일과 크기의 8개의 사원이 있다."
"개념적으로 크림 스키밍은 제품과 지리라는 두 가지 기본 차원을 가지고 있다. 한국관광공사는 지난해 12월 중국 베이징에서 열린 '2016 중국국제관광박람회'에 참가해 한국관을 운영했다고 1일 밝혔다.
이번 박람회에는 중국","이 중에는 현재 파탄 박물관(네팔에서 가장 훌륭하고 현대적인 박물관)이 소장되어 있으며, 좁은 벽돌 광장을 가로질러 궁전을 마주하고 있는 붉은 벽돌 왕궁, 다른 스타일과 크기의 8개의 사원이 있다."
"개념적으로 크림 스키밍은 제품과 지리라는 두 가지 기본 차원을 가지고 있다. 한국관광공사는 지난해 12월 중국 베이징에서 열린 '2016 중국국제관광박람회'에 참가해 한국관을 운영했다고 1일 밝혔다.
이번 박람회에는 중국","이 중에는 현재 파탄 박물관(네팔에서 가장 훌륭하고 현대적인 박물관)이 소장되어 있으며, 좁은 벽돌 광장을 가로질러 궁전을 마주하고 있는 붉은 벽돌 왕궁, 다른 스타일과 크기의 8개의 사원이 있다."
"개념적으로 크림 스키밍은 제품과 지리라는 두 가지 기본 차원을 가지고 있다. 한국관광공사는 지난해 12월 중국 베이징에서 열린 '2016 중국국제관광박람회'에 참가해 한국관을 운영했다고 1일 밝혔다.
이번 박람회에는 중국","이 중에는 현재 파탄 박물관(네팔에서 가장 훌륭하고 현대적인 박물관)이 소장되어 있으며, 좁은 벽돌 광장을 가로질러 궁전을 마주하고 있는 붉은 벽돌 왕궁, 다른 스타일과 크기의 8개의 사원이 있다."
"개념적으로 크림 스키밍은 제품과 지리라는 두 가지 기본 차원을 가지고 있다. 한국관광공사는 지난해 12월 중국 베이징에서 열린 '2016 중국국제관광박람회'에 참가해 한국관을 운영했다고 1일 밝혔다.
이번 박람회에는 중국","이 중에는 현재 파탄 박물관(네팔에서 가장 훌륭하고 현대적인 박물관)이 소장되어 있으며, 좁은 벽돌 광장을 가로질러 궁전을 마주하고 있는 붉은 벽돌 왕궁, 다른 스타일과 크기의 8개의 사원이 있다."
"개념적으로 크림 스키밍은 제품과 지리라는 두 가지 기본 차원을 가지고 있다. 한국관광공사는 지난해 12월 중국 베이징에서 열린 '2016 중국국제관광박람회'에 참가해 한국관을 운영했다고 1일 밝혔다.
이번 박람회에는 중국","이 중에는 현재 파탄 박물관(네팔에서 가장 훌륭하고 현대적인 박물관)이 소장되어 있으며, 좁은 벽돌 광장을 가로질러 궁전을 마주하고 있는 붉은 벽돌 왕궁, 다른 스타일과 크기의 8개의 사원이 있다."
"개념적으로 크림 스키밍은 제품과 지리라는 두 가지 기본 차원을 가지고 있다. 한국관광공사는 지난해 12월 중국 베이징에서 열린 '2016 중국국제관광박람회'에 참가해 한국관을 운영했다고 1일 밝혔다.
이번 박람회에는 중국","이 중에는 현재 파탄 박물관(네팔에서 가장 훌륭하고 현대적인 박물관)이 소장되어 있으며, 좁은 벽돌 광장을 가로질러 궁전을 마주하고 있는 붉은 벽돌 왕궁, 다른 스타일과 크기의 8개의 사원이 있다."
"개념적으로 크림 스키밍은 제품과 지리라는 두 가지 기본 차원을 가지고 있다. 한국관광공사는 지난해 12월 중국 베이징에서 열린 '2016 중국국제관광박람회'에 참가해 한국관을 운영했다고 1일 밝혔다.
이번 박람회에는 중국","이 중에는 현재 파탄 박물관(네팔에서 가장 훌륭하고 현대적인 박물관)이 소장되어 있으며, 좁은 벽돌 광장을 가로질러 궁전을 마주하고 있는 붉은 벽돌 왕궁, 다른 스타일과 크기의 8개의 사원이 있다."
"개념적으로 크림 스키밍은 제품과 지리라는 두 가지 기본 차원을 가지고 있다. 한국관광공사는 지난해 12월 중국 베이징에서 열린 '2016 중국국제관광박람회'에 참가해 한국관을 운영했다고 1일 밝혔다.
이번 박람회에는 중국","이 중에는 현재 파탄 박물관(네팔에서 가장 훌륭하고 현대적인 박물관)이 소장되어 있으며, 좁은 벽돌 광장을 가로질러 궁전을 마주하고 있는 붉은 벽돌 왕궁, 다른 스타일과 크기의 8개의 사원이 있다."
"개념적으로 크림 스키밍은 제품과 지리라는 두 가지 기본 차원을 가지고 있다. 한국관광공사는 지난해 12월 중국 베이징에서 열린 '2016 중국국제관광박람회'에 참가해 한국관을 운영했다고 1일 밝혔다.
이번 박람회에는 중국","이 중에는 현재 파탄 박물관(네팔에서 가장 훌륭하고 현대적인 박물관)이 소장되어 있으며, 좁은 벽돌 광장을 가로질러 궁전을 마주하고 있는 붉은 벽돌 왕궁, 다른 스타일과 크기의 8개의 사원이 있다."
"개념적으로 크림 스키밍은 제품과 지리라는 두 가지 기본 차원을 가지고 있다. 한국관광공사는 지난해 12월 중국 베이징에서 열린 '2016 중국국제관광박람회'에 참가해 한국관을 운영했다고 1일 밝혔다.
이번 박람회에는 중국","이 중에는 현재 파탄 박물관(네팔에서 가장 훌륭하고 현대적인 박물관)이 소장되어 있으며, 좁은 벽돌 광장을 가로질러 궁전을 마주하고 있는 붉은 벽돌 왕궁, 다른 스타일과 크기의 8개의 사원이 있다."
"개념적으로 크림 스키밍은 제품과 지리라는 두 가지 기본 차원을 가지고 있다. 한국관광공사는 지난해 12월 중국 베이징에서 열린 '2016 중국국제관광박람회'에 참가해 한국관을 운영했다고 1일 밝혔다.
이번 박람회에는 중국","이 중에는 현재 파탄 박물관(네팔에서 가장 훌륭하고 현대적인 박물관)이 소장되어 있으며, 좁은 벽돌 광장을 가로질러 궁전을 마주하고 있는 붉은 벽돌 왕궁, 다른 스타일과 크기의 8개의 사원이 있다."
"개념적으로 크림 스키밍은 제품과 지리라는 두 가지 기본 차원을 가지고 있다. 한국관광공사는 지난해 12월 중국 베이징에서 열린 '2016 중국국제관광박람회'에 참가해 한국관을 운영했다고 1일 밝혔다.
이번 박람회에는 중국","이 중에는 현재 파탄 박물관(네팔에서 가장 훌륭하고 현대적인 박물관)이 소장되어 있으며, 좁은 벽돌 광장을 가로질러 궁전을 마주하고 있는 붉은 벽돌 왕궁, 다른 스타일과 크기의 8개의 사원이 있다."
"개념적으로 크림 스키밍은 제품과 지리라는 두 가지 기본 차원을 가지고 있다. 한국관광공사는 지난해 12월 중국 베이징에서 열린 '2016 중국국제관광박람회'에 참가해 한국관을 운영했다고 1일 밝혔다.
이번 박람회에는 중국","이 중에는 현재 파탄 박물관(네팔에서 가장 훌륭하고 현대적인 박물관)이 소장되어 있으며, 좁은 벽돌 광장을 가로질러 궁전을 마주하고 있는 붉은 벽돌 왕궁, 다른 스타일과 크기의 8개의 사원이 있다."
"개념적으로 크림 스키밍은 제품과 지리라는 두 가지 기본 차원을 가지고 있다. 한국관광공사는 지난해 12월 중국 베이징에서 열린 '2016 중국국제관광박람회'에 참가해 한국관을 운영했다고 1일 밝혔다.
이번 박람회에는 중국","이 중에는 현재 파탄 박물관(네팔에서 가장 훌륭하고 현대적인 박물관)이 소장되어 있으며, 좁은 벽돌 광장을 가로질러 궁전을 마주하고 있는 붉은 벽돌 왕궁, 다른 스타일과 크기의 8개의 사원이 있다."
"개념적으로 크림 스키밍은 제품과 지리라는 두 가지 기본 차원을 가지고 있다. 한국관광공사는 지난해 12월 중국 베이징에서 열린 '2016 중국국제관광박람회'에 참가해 한국관을 운영했다고 1일 밝혔다.
이번 박람회에는 중국","이 중에는 현재 파탄 박물관(네팔에서 가장 훌륭하고 현대적인 박물관)이 소장되어 있으며, 좁은 벽돌 광장을 가로질러 궁전을 마주하고 있는 붉은 벽돌 왕궁, 다른 스타일과 크기의 8개의 사원이 있다."
"개념적으로 크림 스키밍은 제품과 지리라는 두 가지 기본 차원을 가지고 있다. 한국관광공사는 지난해 12월 중국 베이징에서 열린 '2016 중국국제관광박람회'에 참가해 한국관을 운영했다고 1일 밝혔다.
이번 박람회에는 중국","이 중에는 현재 파탄 박물관(네팔에서 가장 훌륭하고 현대적인 박물관)이 소장되어 있으며, 좁은 벽돌 광장을 가로질러 궁전을 마주하고 있는 붉은 벽돌 왕궁, 다른 스타일과 크기의 8개의 사원이 있다."
"개념적으로 크림 스키밍은 제품과 지리라는 두 가지 기본 차원을 가지고 있다. 한국관광공사는 지난해 12월 중국 베이징에서 열린 '2016 중국국제관광박람회'에 참가해 한국관을 운영했다고 1일 밝혔다.
이번 박람회에는 중국","이 중에는 현재 파탄 박물관(네팔에서 가장 훌륭하고 현대적인 박물관)이 소장되어 있으며, 좁은 벽돌 광장을 가로질러 궁전을 마주하고 있는 붉은 벽돌 왕궁, 다른 스타일과 크기의 8개의 사원이 있다."
"개념적으로 크림 스키밍은 제품과 지리라는 두 가지 기본 차원을 가지고 있다. 한국관광공사는 지난해 12월 중국 베이징에서 열린 '2016 중국국제관광박람회'에 참가해 한국관을 운영했다고 1일 밝혔다.
이번 박람회에는 중국","이 중에는 현재 파탄 박물관(네팔에서 가장 훌륭하고 현대적인 박물관)이 소장되어 있으며, 좁은 벽돌 광장을 가로질러 궁전을 마주하고 있는 붉은 벽돌 왕궁, 다른 스타일과 크기의 8개의 사원이 있다."
"개념적으로 크림 스키밍은 제품과 지리라는 두 가지 기본 차원을 가지고 있다. 한국관광공사는 지난해 12월 중국 베이징에서 열린 '2016 중국국제관광박람회'에 참가해 한국관을 운영했다고 1일 밝혔다.
이번 박람회에는 중국","이 중에는 현재 파탄 박물관(네팔에서 가장 훌륭하고 현대적인 박물관)이 소장되어 있으며, 좁은 벽돌 광장을 가로질러 궁전을 마주하고 있는 붉은 벽돌 왕궁, 다른 스타일과 크기의 8개의 사원이 있다."
"개념적으로 크림 스키밍은 제품과 지리라는 두 가지 기본 차원을 가지고 있다. 한국관광공사는 지난해 12월 중국 베이징에서 열린 '2016 중국국제관광박람회'에 참가해 한국관을 운영했다고 1일 밝혔다.
이번 박람회에는 중국","이 중에는 현재 파탄 박물관(네팔에서 가장 훌륭하고 현대적인 박물관)이 소장되어 있으며, 좁은 벽돌 광장을 가로질러 궁전을 마주하고 있는 붉은 벽돌 왕궁, 다른 스타일과 크기의 8개의 사원이 있다."
"개념적으로 크림 스키밍은 제품과 지리라는 두 가지 기본 차원을 가지고 있다. 한국관광공사는 지난해 12월 중국 베이징에서 열린 '2016 중국국제관광박람회'에 참가해 한국관을 운영했다고 1일 밝혔다.
이번 박람회에는 중국","이 중에는 현재 파탄 박물관(네팔에서 가장 훌륭하고 현대적인 박물관)이 소장되어 있으며, 좁은 벽돌 광장을 가로질러 궁전을 마주하고 있는 붉은 벽돌 왕궁, 다른 스타일과 크기의 8개의 사원이 있다."
"개념적으로 크림 스키밍은 제품과 지리라는 두 가지 기본 차원을 가지고 있다. 한국관광공사는 지난해 12월 중국 베이징에서 열린 '2016 중국국제관광박람회'에 참가해 한국관을 운영했다고 1일 밝혔다.
이번 박람회에는 중국","이 중에는 현재 파탄 박물관(네팔에서 가장 훌륭하고 현대적인 박물관)이 소장되어 있으며, 좁은 벽돌 광장을 가로질러 궁전을 마주하고 있는 붉은 벽돌 왕궁, 다른 스타일과 크기의 8개의 사원이 있다."
"개념적으로 크림 스키밍은 제품과 지리라는 두 가지 기본 차원을 가지고 있다. 한국관광공사는 지난해 12월 중국 베이징에서 열린 '2016 중국국제관광박람회'에 참가해 한국관을 운영했다고 1일 밝혔다.
이번 박람회에는 중국","이 중에는 현재 파탄 박물관(네팔에서 가장 훌륭하고 현대적인 박물관)이 소장되어 있으며, 좁은 벽돌 광장을 가로질러 궁전을 마주하고 있는 붉은 벽돌 왕궁, 다른 스타일과 크기의 8개의 사원이 있다."
"개념적으로 크림 스키밍은 제품과 지리라는 두 가지 기본 차원을 가지고 있다. 한국관광공사는 지난해 12월 중국 베이징에서 열린 '2016 중국국제관광박람회'에 참가해 한국관을 운영했다고 1일 밝혔다.
이번 박람회에는 중국","이 중에는 현재 파탄 박물관(네팔에서 가장 훌륭하고 현대적인 박물관)이 소장되어 있으며, 좁은 벽돌 광장을 가로질러 궁전을 마주하고 있는 붉은 벽돌 왕궁, 다른 스타일과 크기의 8개의 사원이 있다."
"개념적으로 크림 스키밍은 제품과 지리라는 두 가지 기본 차원을 가지고 있다. 한국관광공사는 지난해 12월 중국 베이징에서 열린 '2016 중국국제관광박람회'에 참가해 한국관을 운영했다고 1일 밝혔다.
이번 박람회에는 중국","이 중에는 현재 파탄 박물관(네팔에서 가장 훌륭하고 현대적인 박물관)이 소장되어 있으며, 좁은 벽돌 광장을 가로질러 궁전을 마주하고 있는 붉은 벽돌 왕궁, 다른 스타일과 크기의 8개의 사원이 있다."
"개념적으로 크림 스키밍은 제품과 지리라는 두 가지 기본 차원을 가지고 있다. 한국관광공사는 지난해 12월 중국 베이징에서 열린 '2016 중국국제관광박람회'에 참가해 한국관을 운영했다고 1일 밝혔다.
이번 박람회에는 중국","이 중에는 현재 파탄 박물관(네팔에서 가장 훌륭하고 현대적인 박물관)이 소장되어 있으며, 좁은 벽돌 광장을 가로질러 궁전을 마주하고 있는 붉은 벽돌 왕궁, 다른 스타일과 크기의 8개의 사원이 있다."
"개념적으로 크림 스키밍은 제품과 지리라는 두 가지 기본 차원을 가지고 있다. 한국관광공사는 지난해 12월 중국 베이징에서 열린 '2016 중국국제관광박람회'에 참가해 한국관을 운영했다고 1일 밝혔다.
이번 박람회에는 중국","이 중에는 현재 파탄 박물관(네팔에서 가장 훌륭하고 현대적인 박물관)이 소장되어 있으며, 좁은 벽돌 광장을 가로질러 궁전을 마주하고 있는 붉은 벽돌 왕궁, 다른 스타일과 크기의 8개의 사원이 있다."
"개념적으로 크림 스키밍은 제품과 지리라는 두 가지 기본 차원을 가지고 있다. 한국관광공사는 지난해 12월 중국 베이징에서 열린 '2016 중국국제관광박람회'에 참가해 한국관을 운영했다고 1일 밝혔다.
이번 박람회에는 중국","이 중에는 현재 파탄 박물관(네팔에서 가장 훌륭하고 현대적인 박물관)이 소장되어 있으며, 좁은 벽돌 광장을 가로질러 궁전을 마주하고 있는 붉은 벽돌 왕궁, 다른 스타일과 크기의 8개의 사원이 있다."
"개념적으로 크림 스키밍은 제품과 지리라는 두 가지 기본 차원을 가지고 있다. 한국관광공사는 지난해 12월 중국 베이징에서 열린 '2016 중국국제관광박람회'에 참가해 한국관을 운영했다고 1일 밝혔다.
이번 박람회에는 중국","이 중에는 현재 파탄 박물관(네팔에서 가장 훌륭하고 현대적인 박물관)이 소장되어 있으며, 좁은 벽돌 광장을 가로질러 궁전을 마주하고 있는 붉은 벽돌 왕궁, 다른 스타일과 크기의 8개의 사원이 있다."
"개념적으로 크림 스키밍은 제품과 지리라는 두 가지 기본 차원을 가지고 있다. 한국관광공사는 지난해 12월 중국 베이징에서 열린 '2016 중국국제관광박람회'에 참가해 한국관을 운영했다고 1일 밝혔다.
이번 박람회에는 중국","이 중에는 현재 파탄 박물관(네팔에서 가장 훌륭하고 현대적인 박물관)이 소장되어 있으며, 좁은 벽돌 광장을 가로질러 궁전을 마주하고 있는 붉은 벽돌 왕궁, 다른 스타일과 크기의 8개의 사원이 있다."
"개념적으로 크림 스키밍은 제품과 지리라는 두 가지 기본 차원을 가지고 있다. 한국관광공사는 지난해 12월 중국 베이징에서 열린 '2016 중국국제관광박람회'에 참가해 한국관을 운영했다고 1일 밝혔다.
이번 박람회에는 중국","이 중에는 현재 파탄 박물관(네팔에서 가장 훌륭하고 현대적인 박물관)이 소장되어 있으며, 좁은 벽돌 광장을 가로질러 궁전을 마주하고 있는 붉은 벽돌 왕궁, 다른 스타일과 크기의 8개의 사원이 있다."
"개념적으로 크림 스키밍은 제품과 지리라는 두 가지 기본 차원을 가지고 있다. 한국관광공사는 지난해 12월 중국 베이징에서 열린 '2016 중국국제관광박람회'에 참가해 한국관을 운영했다고 1일 밝혔다.
이번 박람회에는 중국","이 중에는 현재 파탄 박물관(네팔에서 가장 훌륭하고 현대적인 박물관)이 소장되어 있으며, 좁은 벽돌 광장을 가로질러 궁전을 마주하고 있는 붉은 벽돌 왕궁, 다른 스타일과 크기의 8개의 사원이 있다."
"개념적으로 크림 스키밍은 제품과 지리라는 두 가지 기본 차원을 가지고 있다. 한국관광공사는 지난해 12월 중국 베이징에서 열린 '2016 중국국제관광박람회'에 참가해 한국관을 운영했다고 1일 밝혔다.
이번 박람회에는 중국","이 중에는 현재 파탄 박물관(네팔에서 가장 훌륭하고 현대적인 박물관)이 소장되어 있으며, 좁은 벽돌 광장을 가로질러 궁전을 마주하고 있는 붉은 벽돌 왕궁, 다른 스타일과 크기의 8개의 사원이 있다."
"개념적으로 크림 스키밍은 제품과 지리라는 두 가지 기본 차원을 가지고 있다. 한국관광공사는 지난해 12월 중국 베이징에서 열린 '2016 중국국제관광박람회'에 참가해 한국관을 운영했다고 1일 밝혔다.
이번 박람회에는 중국","이 중에는 현재 파탄 박물관(네팔에서 가장 훌륭하고 현대적인 박물관)이 소장되어 있으며, 좁은 벽돌 광장을 가로질러 궁전을 마주하고 있는 붉은 벽돌 왕궁, 다른 스타일과 크기의 8개의 사원이 있다."
"개념적으로 크림 스키밍은 제품과 지리라는 두 가지 기본 차원을 가지고 있다. 한국관광공사는 지난해 12월 중국 베이징에서 열린 '2016 중국국제관광박람회'에 참가해 한국관을 운영했다고 1일 밝혔다.
이번 박람회에는 중국","이 중에는 현재 파탄 박물관(네팔에서 가장 훌륭하고 현대적인 박물관)이 소장되어 있으며, 좁은 벽돌 광장을 가로질러 궁전을 마주하고 있는 붉은 벽돌 왕궁, 다른 스타일과 크기의 8개의 사원이 있다."
"개념적으로 크림 스키밍은 제품과 지리라는 두 가지 기본 차원을 가지고 있다. 한국관광공사는 지난해 12월 중국 베이징에서 열린 '2016 중국국제관광박람회'에 참가해 한국관을 운영했다고 1일 밝혔다.
이번 박람회에는 중국","이 중에는 현재 파탄 박물관(네팔에서 가장 훌륭하고 현대적인 박물관)이 소장되어 있으며, 좁은 벽돌 광장을 가로질러 궁전을 마주하고 있는 붉은 벽돌 왕궁, 다른 스타일과 크기의 8개의 사원이 있다."
"개념적으로 크림 스키밍은 제품과 지리라는 두 가지 기본 차원을 가지고 있다. 한국관광공사는 지난해 12월 중국 베이징에서 열린 '2016 중국국제관광박람회'에 참가해 한국관을 운영했다고 1일 밝혔다.
이번 박람회에는 중국","이 중에는 현재 파탄 박물관(네팔에서 가장 훌륭하고 현대적인 박물관)이 소장되어 있으며, 좁은 벽돌 광장을 가로질러 궁전을 마주하고 있는 붉은 벽돌 왕궁, 다른 스타일과 크기의 8개의 사원이 있다."
"개념적으로 크림 스키밍은 제품과 지리라는 두 가지 기본 차원을 가지고 있다. 한국관광공사는 지난해 12월 중국 베이징에서 열린 '2016 중국국제관광박람회'에 참가해 한국관을 운영했다고 1일 밝혔다.
이번 박람회에는 중국","이 중에는 현재 파탄 박물관(네팔에서 가장 훌륭하고 현대적인 박물관)이 소장되어 있으며, 좁은 벽돌 광장을 가로질러 궁전을 마주하고 있는 붉은 벽돌 왕궁, 다른 스타일과 크기의 8개의 사원이 있다."
"개념적으로 크림 스키밍은 제품과 지리라는 두 가지 기본 차원을 가지고 있다. 한국관광공사는 지난해 12월 중국 베이징에서 열린 '2016 중국국제관광박람회'에 참가해 한국관을 운영했다고 1일 밝혔다.
이번 박람회에는 중국","이 중에는 현재 파탄 박물관(네팔에서 가장 훌륭하고 현대적인 박물관)이 소장되어 있으며, 좁은 벽돌 광장을 가로질러 궁전을 마주하고 있는 붉은 벽돌 왕궁, 다른 스타일과 크기의 8개의 사원이 있다."
"개념적으로 크림 스키밍은 제품과 지리라는 두 가지 기본 차원을 가지고 있다. 한국관광공사는 지난해 12월 중국 베이징에서 열린 '2016 중국국제관광박람회'에 참가해 한국관을 운영했다고 1일 밝혔다.
이번 박람회에는 중국","이 중에는 현재 파탄 박물관(네팔에서 가장 훌륭하고 현대적인 박물관)이 소장되어 있으며, 좁은 벽돌 광장을 가로질러 궁전을 마주하고 있는 붉은 벽돌 왕궁, 다른 스타일과 크기의 8개의 사원이 있다."
"개념적으로 크림 스키밍은 제품과 지리라는 두 가지 기본 차원을 가지고 있다. 한국관광공사는 지난해 12월 중국 베이징에서 열린 '2016 중국국제관광박람회'에 참가해 한국관을 운영했다고 1일 밝혔다.
이번 박람회에는 중국","이 중에는 현재 파탄 박물관(네팔에서 가장 훌륭하고 현대적인 박물관)이 소장되어 있으며, 좁은 벽돌 광장을 가로질러 궁전을 마주하고 있는 붉은 벽돌 왕궁, 다른 스타일과 크기의 8개의 사원이 있다."
